dog_count,primary_breed,address
68,Pit Bull Terrier,"1200 N. Telegraph Building 42 East, Pontiac, MI 48341"
57,Belgian Shepherd / Malinois,"Imlay City, MI 48444"
53,Pit Bull Terrier,"Saginaw, MI 48602"
47,Pit Bull Terrier,"Detroit, MI 48202"
46,Mixed Breed,"14345 Bagley St , West Olive, MI 49460"
44,Terrier,"G-4351 W Pasadena Avenue , Flint, MI 48504"
40,Mixed Breed,"6955 West KL Ave Pet Rescue & Adoption Center, Kalamazoo, MI 49009"
39,Mixed Breed,"3279 E Laketon Ave , Muskegon, MI 49442"
35,Mixed Breed,"3077 Wilson Dr. NW Walker, MI 49534, Grand Rapids, MI 49534"
25,Mixed Breed,"16121 Reckinger Road , Dearborn, MI 48121"
25,Pit Bull Terrier,"3100 Cherry Hill Road , Ann Arbor, MI 48105"
25,Pit Bull Terrier,"323 M-62 North PO Box 132, Cassopolis, MI 49031"
20,Pit Bull Terrier,"Warren, MI 48089"
19,Mixed Breed,"07591 Blue Star Hwy , South Haven, MI 49090"
17,Labrador Retriever,"3279 E Laketon Ave , Muskegon, MI 49442"
17,Mixed Breed,"2752 W. Bennington Road , Owosso, MI 48867"
17,Mixed Breed,"Grand Rapids, MI 49503"
15,American Staffordshire Terrier,"740 Fuller Ave. NE , Grand Rapids, MI 49503"
15,Hound,"219 Peekstock Drive , Kalamazoo, MI 49001"
15,Terrier,"Birmingham, MI 48012"
14,Mixed Breed,"G-4351 W Pasadena Avenue , Flint, MI 48504"
13,Dutch Shepherd,"Imlay City, MI 48444"
13,Terrier,"8935 Thompson Rd. , Lake Odessa, MI 48849"
11,Mixed Breed,"1200 N. Telegraph Building 42 East, Pontiac, MI 48341"
11,Mixed Breed,"2293 33rd Street , Allegan, MI 49010"
11,Mixed Breed,"7095 West Grand River Avenue , Lansing, MI 48906"
10,Pit Bull Terrier,"7887 Chrysler Drive , Detroit, MI 48211"
10,Weimaraner,"Grand Rapids, MI 49525"
9,Hound,"Ferndale, MI 48220"
9,Labrador Retriever,"Livonia, MI 48152"
9,Mixed Breed,"Charlotte, MI 48813"
9,Mixed Breed,"Holly, MI 48442"
9,Mixed Breed,"St Johns, MI 48879"
9,Pit Bull Terrier,"614 Beardsley St. , Boyne City, MI 49712"
9,Shepherd,"Macomb, MI 48042"
9,Shepherd,"Muskegon, MI 49442"
8,American Bulldog,"Detroit, MI 48202"
8,American Staffordshire Terrier,"Oak Park, MI 48237"
8,Australian Cattle Dog / Blue Heeler,"Grand Rapids, MI 49548"
8,Pit Bull Terrier,"3390 S Dog Track Rd. , Baldwin, MI 49304"
8,Pit Bull Terrier,"Clinton Township, MI 48036"
8,Pit Bull Terrier,"Saginaw, MI 48603"
8,Terrier,"Detroit, MI 48216"
7,American Staffordshire Terrier,"Grand Rapids, MI 49505"
7,Boxer,"Birmingham, MI 48012"
7,Chihuahua,"Muskegon, MI 49442"
7,German Shepherd Dog,"Ferndale, MI 48220"
7,German Shepherd Dog,"Warren, MI 48089"
7,Labrador Retriever,"Muskegon, MI 49442"
7,Mixed Breed,"Metamora, MI 48455"
7,Pit Bull Terrier,"Oxford, MI 48371"
6,American Staffordshire Terrier,"Troy, MI 48099"
6,American Staffordshire Terrier,"White Lake, MI 48386"
6,Australian Kelpie,"Muskegon, MI 49442"
6,Boxer,"Saginaw, MI 48603"
6,Hound,"Plymouth, MI 48170"
6,Labrador Retriever,"8935 Thompson Rd. , Lake Odessa, MI 48849"
6,Labrador Retriever,"Birmingham, MI 48012"
6,Labrador Retriever,"Ferndale, MI 48220"
6,Mixed Breed,"323 M-62 North PO Box 132, Cassopolis, MI 49031"
6,Pit Bull Terrier,"1316 Lamont Ave , Kalamazoo, MI 49001"
6,Pit Bull Terrier,"Detroit, MI 48219"
6,Pit Bull Terrier,"Eastpointe, MI 48021"
6,Pit Bull Terrier,"P.O. Box 233 , Belleville, MI 48111"
6,Pit Bull Terrier,"P.O. Box 51935 , Livonia, MI 48151"
6,Pit Bull Terrier,"Westland, MI 48185"
6,Terrier,"27796 John R , Madison Heights, MI 48071"
6,Terrier,"Macomb, MI 48042"
5,Beagle,"Livonia, MI 48152"
5,German Shepherd Dog,"Muskegon, MI 49442"
5,Mixed Breed,"Detroit, MI 48219"
5,Pit Bull Terrier,"13569 Joseph Campau , Detroit, MI 48212"
5,Pit Bull Terrier,"Oak Park, MI 48237"
5,Terrier,"PO Box 180155 , Utica, MI 48318"
5,Terrier,"Plymouth, MI 48170"
4,American Bulldog,"3279 E Laketon Ave , Muskegon, MI 49442"
4,American Bulldog,"Ferndale, MI 48220"
4,American Staffordshire Terrier,"Flint, MI 48503"
4,American Staffordshire Terrier,"PO Box 285 , Frankenmuth, MI 48734"
4,Border Collie,"Eagle, MI 48822"
4,Chihuahua,"Plymouth, MI 48170"
4,Dachshund,"Muskegon, MI 49442"
4,German Shepherd Dog,"2293 33rd Street , Allegan, MI 49010"
4,German Shepherd Dog,"323 M-62 North PO Box 132, Cassopolis, MI 49031"
4,German Shepherd Dog,"8935 Thompson Rd. , Lake Odessa, MI 48849"
4,Great Pyrenees,"Grosse Pointe Park, MI 48230"
4,Greyhound,"P.O. Box 194 , Wayne, MI 48184"
4,Hound,"5310 W. Houghton Lake Rd (M-55) P.O. Box D, Lake City, MI 49651"
4,Husky,"3279 E Laketon Ave , Muskegon, MI 49442"
4,Husky,"Gladwin, MI 48624"
4,Labrador Retriever,"1406 6th Ave , Cadillac, MI 49601"
4,Labrador Retriever,"Detroit, MI 48216"
4,Mixed Breed,"219 Peekstock Drive , Kalamazoo, MI 49001"
4,Mixed Breed,"2266 N Lapeer Road , Lapeer, MI 48446"
4,Pit Bull Terrier,"11350 22 Mile Road , Utica, MI 48317"
4,Pit Bull Terrier,"1300 West Conway Road , Harbor Springs, MI 49740"
4,Pit Bull Terrier,"18400 220th Avenue , Big Rapids, MI 49307"
4,Pit Bull Terrier,"2293 33rd Street , Allegan, MI 49010"
4,Pit Bull Terrier,"3750 Foco Rd PO Box 1131, Standish, MI 48658"
4,Pit Bull Terrier,"51299 Arkona Rd. , Belleville, MI 48111"
4,Pit Bull Terrier,"Grand Rapids, MI 49505"
4,Pit Bull Terrier,"New Baltimore, MI 48047"
4,Pit Bull Terrier,"PO Box 475 7645 West 48th Street, Fremont, MI 49412"
4,Pit Bull Terrier,"White Lake, MI 48386"
4,Pit Bull Terrier,"l536 Hackleburg Road , Cheboygan, MI 49721"
4,Shepherd,"3279 E Laketon Ave , Muskegon, MI 49442"
4,Staffordshire Bull Terrier,"3365 Freeland Road , Saginaw, MI 48604"
4,Terrier,"165 S. Union , Battle Creek, MI 49014"
4,Terrier,"Warren, MI 48089"
4,Weimaraner,"Muskegon, MI 49442"
4,Whippet,"Grand Rapids, MI 49505"
3,Alaskan Malamute,"Gladwin, MI 48624"
3,American Bulldog,"Birmingham, MI 48012"
3,American Staffordshire Terrier,"11350 22 Mile Road , Utica, MI 48317"
3,American Staffordshire Terrier,"1367 S. M-33 , West Branch, MI 48661"
3,American Staffordshire Terrier,"2738 W. Caro Road , Caro, MI 48723"
3,American Staffordshire Terrier,"Detroit, MI 48219"
3,American Staffordshire Terrier,"P.O. Box 190121 , Burton, MI 48519"
3,American Staffordshire Terrier,"P.O. Box 233 , Belleville, MI 48111"
3,American Staffordshire Terrier,"PO Box 180155 , Utica, MI 48318"
3,American Staffordshire Terrier,"PO Box 606 , Garden City, MI 48136"
3,Australian Cattle Dog / Blue Heeler,"1200 N. Telegraph Building 42 East, Pontiac, MI 48341"
3,Beagle,"Clinton Township, MI 48036"
3,Beagle,"PO Box 475 7645 West 48th Street, Fremont, MI 49412"
3,Belgian Shepherd / Malinois,"Pontiac, MI 48341"
3,Border Collie,"White Lake, MI 48386"
3,Boxer,"2293 33rd Street , Allegan, MI 49010"
3,Boxer,"969 Wildwood Rd , Quincy, MI 49082"
3,Boxer,"Clinton Township, MI 48036"
3,Boxer,"Muskegon, MI 49442"
3,Cane Corso,"P.O. Box 233 , Belleville, MI 48111"
3,Chihuahua,"Livonia, MI 48152"
3,German Shepherd Dog,"3100 Cherry Hill Road , Ann Arbor, MI 48105"
3,German Shepherd Dog,"Detroit, MI 48216"
3,German Shepherd Dog,"Plymouth, MI 48170"
3,Great Dane,"Warren, MI 48089"
3,Hound,"3100 Cherry Hill Road , Ann Arbor, MI 48105"
3,Husky,"219 Peekstock Drive , Kalamazoo, MI 49001"
3,Husky,"2293 33rd Street , Allegan, MI 49010"
3,Husky,"Battle Creek, MI 49017"
3,Labrador Retriever,"1105 S. Isabella Road , Mount Pleasant, MI 48858"
3,Labrador Retriever,"1200 N. Telegraph Building 42 East, Pontiac, MI 48341"
3,Labrador Retriever,"2293 33rd Street , Allegan, MI 49010"
3,Labrador Retriever,"969 Wildwood Rd , Quincy, MI 49082"
3,Labrador Retriever,"Clinton Township, MI 48036"
3,Labrador Retriever,"Grand Rapids, MI 49505"
3,Labrador Retriever,"Macomb, MI 48042"
3,Labrador Retriever,"New Baltimore, MI 48047"
3,Labrador Retriever,"Plymouth, MI 48170"
3,Labrador Retriever,"Traverse City, MI 49684"
3,Labrador Retriever,"White Lake, MI 48386"
3,Miniature Pinscher,"Muskegon, MI 49442"
3,Mixed Breed,"18400 220th Avenue , Big Rapids, MI 49307"
3,Mixed Breed,"4371 E. Ashman , Midland, MI 48641"
3,Mixed Breed,"Deerfield, MI 49238"
3,Mixed Breed,"Traverse City, MI 49696"
3,Pit Bull Terrier,"21417 Dunham Road , Clinton Township, MI 48036"
3,Pit Bull Terrier,"305 N.Meyers Road , Ludington, MI 49431"
3,Pit Bull Terrier,"35 Campbell Rd. 65 N. Elk St., Sandusky, MI 48471"
3,Pit Bull Terrier,"4038 Hazel Drive , Harrison, MI 48625"
3,Pit Bull Terrier,"5310 W. Houghton Lake Rd (M-55) P.O. Box D, Lake City, MI 49651"
3,Pit Bull Terrier,"6955 West KL Ave Pet Rescue & Adoption Center, Kalamazoo, MI 49009"
3,Pit Bull Terrier,"8935 Thompson Rd. , Lake Odessa, MI 48849"
3,Pit Bull Terrier,"Manistee, MI 49660"
3,Pit Bull Terrier,"Marine City, MI 48039"
3,Pit Bull Terrier,"Metamora, MI 48455"
3,Pit Bull Terrier,"fennville, MI 49408"
3,Poodle,"Livonia, MI 48152"
3,Siberian Husky,"740 Fuller Ave. NE , Grand Rapids, MI 49503"
3,Spaniel,"3279 E Laketon Ave , Muskegon, MI 49442"
3,Terrier,"219 Peekstock Drive , Kalamazoo, MI 49001"
3,Terrier,"3279 E Laketon Ave , Muskegon, MI 49442"
3,Terrier,"Clinton Township, MI 48036"
3,Terrier,"Pontiac, MI 48341"
2,Akita,"Warren, MI 48089"
2,American Bulldog,"1105 S. Isabella Road , Mount Pleasant, MI 48858"
2,American Bulldog,"1170 GROVE STREET , Wyandotte, MI 48192"
2,American Bulldog,"1200 N. Telegraph Building 42 East, Pontiac, MI 48341"
2,American Bulldog,"323 M-62 North PO Box 132, Cassopolis, MI 49031"
2,American Bulldog,"Livonia, MI 48152"
2,American Bulldog,"P.O. Box 190121 , Burton, MI 48519"
2,American Bulldog,"Warren, MI 48089"
2,American Staffordshire Terrier,"Allen Park, MI 48101"
2,American Staffordshire Terrier,"Eastpointe, MI 48021"
2,American Staffordshire Terrier,"Ferndale, MI 48220"
2,American Staffordshire Terrier,"Livonia, MI 48152"
2,American Staffordshire Terrier,"Mancelona, MI 49659"
2,American Staffordshire Terrier,"P.O. Box 384 5786 Fairground Lane, Grayling, MI 49738"
2,American Staffordshire Terrier,"Saginaw, MI 48603"
2,American Staffordshire Terrier,"Troy, MI 48083"
2,American Staffordshire Terrier,"Warren, MI 48089"
2,Australian Shepherd,"3279 E Laketon Ave , Muskegon, MI 49442"
2,Beagle,"Oxford, MI 48371"
2,Belgian Shepherd / Tervuren,"Imlay City, MI 48444"
2,Black Labrador Retriever,"3279 E Laketon Ave , Muskegon, MI 49442"
2,Black Labrador Retriever,"969 Wildwood Rd , Quincy, MI 49082"
2,Black Labrador Retriever,"Macomb, MI 48042"
2,Border Collie,"8935 Thompson Rd. , Lake Odessa, MI 48849"
2,Border Collie,"Birmingham, MI 48012"
2,Border Collie,"Linden, MI 48451"
2,Boxer,"07591 Blue Star Hwy , South Haven, MI 49090"
2,Boxer,"1105 S. Isabella Road , Mount Pleasant, MI 48858"
2,Boxer,"1170 GROVE STREET , Wyandotte, MI 48192"
2,Boxer,"1200 N. Telegraph Building 42 East, Pontiac, MI 48341"
2,Boxer,"21417 Dunham Road , Clinton Township, MI 48036"
2,Boxer,"2752 W. Bennington Road , Owosso, MI 48867"
2,Boxer,"Sanford, MI 48657"
2,Boxer,"Traverse City, MI 49696"
2,Boxer,"White Lake, MI 48386"
2,Bullmastiff,"Almont, MI 48003"
2,Catahoula Leopard Dog,"8935 Thompson Rd. , Lake Odessa, MI 48849"
2,Catahoula Leopard Dog,"Metamora, MI 48455"
2,Chihuahua,"27796 John R , Madison Heights, MI 48071"
2,Chihuahua,"Detroit, MI 48202"
2,Chihuahua,"Grosse Pointe Park, MI 48230"
2,Chihuahua,"Harrison, MI 48625"
2,Chihuahua,"P.O. Box 29 , Armada, MI 48005"
2,Chocolate Labrador Retriever,"3279 E Laketon Ave , Muskegon, MI 49442"
2,Chocolate Labrador Retriever,"Macomb, MI 48042"
2,Chocolate Labrador Retriever,"Metamora, MI 48455"
2,Corgi,"219 Peekstock Drive , Kalamazoo, MI 49001"
2,Doberman Pinscher,"Detroit, MI 48216"
2,Feist,"PO Box 180155 , Utica, MI 48318"
2,German Shepherd Dog,"1515 Carmen Drive , Jackson, MI 49202"
2,German Shepherd Dog,"3279 E Laketon Ave , Muskegon, MI 49442"
2,German Shepherd Dog,"740 Fuller Ave. NE , Grand Rapids, MI 49503"
2,German Shepherd Dog,"Birmingham, MI 48012"
2,German Shepherd Dog,"Detroit, MI 48202"
2,German Shepherd Dog,"Gladwin, MI 48624"
2,German Shepherd Dog,"Grand Rapids, MI 49548"
2,German Shepherd Dog,"Macomb, MI 48042"
2,German Shepherd Dog,"Manistee, MI 49660"
2,German Shepherd Dog,"Reed City, MI 49677"
2,German Shepherd Dog,"White Lake, MI 48386"
2,Greyhound,"3384 9th St. , Monroe, MI 48162"
2,Havanese,"Detroit, MI 48221"
2,Hound,"2266 N Lapeer Road , Lapeer, MI 48446"
2,Hound,"Metamora, MI 48455"
2,Husky,"18400 220th Avenue , Big Rapids, MI 49307"
2,Husky,"5205 Airline Rd , Muskegon, MI 49443"
2,Jack Russell Terrier,"Warren, MI 48089"
2,Labrador Retriever,"1300 West Conway Road , Harbor Springs, MI 49740"
2,Labrador Retriever,"2640 Marquette  Avenue , Muskegon, MI 49442"
2,Labrador Retriever,"5205 Airline Rd , Muskegon, MI 49443"
2,Labrador Retriever,"740 Fuller Ave. NE , Grand Rapids, MI 49503"
2,Labrador Retriever,"Coldwater, MI 49036"
2,Labrador Retriever,"Gladwin, MI 48624"
2,Labrador Retriever,"Grand Rapids, MI 49548"
2,Labrador Retriever,"P.O. Box 29 , Armada, MI 48005"
2,Labrador Retriever,"PO Box 180155 , Utica, MI 48318"
2,Labrador Retriever,"Saginaw, MI 48602"
2,Labrador Retriever,"Warren, MI 48089"
2,Mastiff,"G-4351 W Pasadena Avenue , Flint, MI 48504"
2,Mastiff,"Saginaw, MI 48602"
2,McNab,"1515 Carmen Drive , Jackson, MI 49202"
2,Mixed Breed,"1300 West Conway Road , Harbor Springs, MI 49740"
2,Mixed Breed,"2120 Metamora Road , Oxford, MI 48371"
2,Mixed Breed,"Grand Rapids, MI 49505"
2,Mixed Breed,"l536 Hackleburg Road , Cheboygan, MI 49721"
2,Pit Bull Terrier,"1105 S. Isabella Road , Mount Pleasant, MI 48858"
2,Pit Bull Terrier,"1367 S. M-33 , West Branch, MI 48661"
2,Pit Bull Terrier,"219 Peekstock Drive , Kalamazoo, MI 49001"
2,Pit Bull Terrier,"3365 Freeland Road , Saginaw, MI 48604"
2,Pit Bull Terrier,"3378 Griswold Road , Port Huron, MI 48060"
2,Pit Bull Terrier,"418 S. Highlander Way , Howell, MI 48843"
2,Pit Bull Terrier,"600 Buhl St , Mason, MI 48854"
2,Pit Bull Terrier,"6266 Lapeer Road , Clyde, MI 48049"
2,Pit Bull Terrier,"Battle Creek, MI 49016"
2,Pit Bull Terrier,"Kentwood, MI 49548"
2,Pit Bull Terrier,"Livonia, MI 48152"
2,Pit Bull Terrier,"P.O. Box 190121 , Burton, MI 48519"
2,Pit Bull Terrier,"PO Box 1953 , Traverse City, MI 49685"
2,Pit Bull Terrier,"PO Box 285 , Frankenmuth, MI 48734"
2,Pit Bull Terrier,"PO Box 3295 2938 Business One Drive, Kalamazoo, MI 49003"
2,Pit Bull Terrier,"Plymouth, MI 48170"
2,Pit Bull Terrier,"Sterling Heights, MI 48313"
2,Pit Bull Terrier,"Traverse City, MI 49684"
2,Pit Bull Terrier,"West Bloomfield, MI 48325"
2,Plott Hound,"502 N. SAVIDGE , Reed City, MI 49677"
2,Pomeranian,"Warren, MI 48091"
2,Pug,"Muskegon, MI 49442"
2,Rat Terrier,"3279 E Laketon Ave , Muskegon, MI 49442"
2,Retriever,"Birmingham, MI 48012"
2,Rottweiler,"Milan, MI 48160"
2,Shepherd,"1200 N. Telegraph Building 42 East, Pontiac, MI 48341"
2,Shepherd,"1515 Carmen Drive , Jackson, MI 49202"
2,Shepherd,"2640 Marquette  Avenue , Muskegon, MI 49442"
2,Shepherd,"Birmingham, MI 48012"
2,Shepherd,"Clinton Township, MI 48036"
2,Shepherd,"Deerfield, MI 49238"
2,Shepherd,"Livonia, MI 48152"
2,Shepherd,"Oxford, MI 48371"
2,Siberian Husky,"1316 Lamont Ave , Kalamazoo, MI 49001"
2,Siberian Husky,"Boon, MI 49618"
2,Siberian Husky,"Gladwin, MI 48624"
2,Siberian Husky,"Oakland, MI 48363"
2,Spitz,"185 Panther Dr , Holland, MI 49424"
2,Staffordshire Bull Terrier,"418 S. Highlander Way , Howell, MI 48843"
2,Staffordshire Bull Terrier,"Saginaw, MI 48602"
2,Standard Poodle,"Harrison, MI 48625"
2,Terrier,"1105 S. Isabella Road , Mount Pleasant, MI 48858"
2,Terrier,"2266 N Lapeer Road , Lapeer, MI 48446"
2,Terrier,"East Lansing, MI 48823"
2,Terrier,"Grosse Pointe Park, MI 48230"
2,Terrier,"Livonia, MI 48152"
2,Terrier,"P.O. Box 190121 , Burton, MI 48519"
2,Terrier,"P.O. Box 384 5786 Fairground Lane, Grayling, MI 49738"
2,Terrier,"West Bloomfield, MI 48325"
2,Wheaten Terrier,"Muskegon, MI 49442"
2,White German Shepherd,"Kalamazoo, MI 49009"
2,Yellow Labrador Retriever,"3279 E Laketon Ave , Muskegon, MI 49442"
2,Yorkshire Terrier,"Oakland, MI 48363"
1,Airedale Terrier,"5205 Airline Rd , Muskegon, MI 49443"
1,Akita,"1200 N. Telegraph Building 42 East, Pontiac, MI 48341"
1,Akita,"2120 Metamora Road , Oxford, MI 48371"
1,Akita,"8935 Thompson Rd. , Lake Odessa, MI 48849"
1,Akita,"Belleville, MI 48111"
1,Akita,"Detroit, MI 48202"
1,Akita,"Kingsley, MI 49649"
1,Akita,"Saginaw, MI 48602"
1,Alaskan Malamute,"3279 E Laketon Ave , Muskegon, MI 49442"
1,American Bulldog,"1515 Carmen Drive , Jackson, MI 49202"
1,American Bulldog,"2120 Metamora Road , Oxford, MI 48371"
1,American Bulldog,"21417 Dunham Road , Clinton Township, MI 48036"
1,American Bulldog,"2640 Marquette  Avenue , Muskegon, MI 49442"
1,American Bulldog,"3100 Cherry Hill Road , Ann Arbor, MI 48105"
1,American Bulldog,"3365 Freeland Road , Saginaw, MI 48604"
1,American Bulldog,"3378 Griswold Road , Port Huron, MI 48060"
1,American Bulldog,"35 Campbell Rd. 65 N. Elk St., Sandusky, MI 48471"
1,American Bulldog,"51299 Arkona Rd. , Belleville, MI 48111"
1,American Bulldog,"8935 Thompson Rd. , Lake Odessa, MI 48849"
1,American Bulldog,"969 Wildwood Rd , Quincy, MI 49082"
1,American Bulldog,"Clinton Township, MI 48036"
1,American Bulldog,"Detroit, MI 48219"
1,American Bulldog,"Eastpointe, MI 48021"
1,American Bulldog,"Holly, MI 48442"
1,American Bulldog,"Muskegon, MI 49442"
1,American Bulldog,"New Baltimore, MI 48047"
1,American Bulldog,"PO Box 62 , Lake Orion, MI 48361"
1,American Bulldog,"Plymouth, MI 48170"
1,American Bulldog,"Pontiac, MI 48341"
1,American Bulldog,"Saginaw, MI 48602"
1,American Bulldog,"Westland, MI 48185"
1,American Bulldog,"White Lake, MI 48386"
1,American Bully,"1200 N. Telegraph Building 42 East, Pontiac, MI 48341"
1,American Bully,"2675 W. Washington Road , Ithaca, MI 48847"
1,American Bully,"2738 W. Caro Road , Caro, MI 48723"
1,American Bully,"Manistee, MI 49660"
1,American Bully,"Milan, MI 48160"
1,American Bully,"Northville, MI 48167"
1,American Bully,"Oak Park, MI 48237"
1,American Bully,"fennville, MI 49408"
1,American Staffordshire Terrier,"21417 Dunham Road , Clinton Township, MI 48036"
1,American Staffordshire Terrier,"2293 33rd Street , Allegan, MI 49010"
1,American Staffordshire Terrier,"2640 Marquette  Avenue , Muskegon, MI 49442"
1,American Staffordshire Terrier,"3365 Freeland Road , Saginaw, MI 48604"
1,American Staffordshire Terrier,"502 N. SAVIDGE , Reed City, MI 49677"
1,American Staffordshire Terrier,"5205 Airline Rd , Muskegon, MI 49443"
1,American Staffordshire Terrier,"Battle Creek, MI 49016"
1,American Staffordshire Terrier,"CLINTON TOWNSHIP, MI 48035"
1,American Staffordshire Terrier,"Farmington Hills, MI 48336"
1,American Staffordshire Terrier,"G-4351 W Pasadena Avenue , Flint, MI 48504"
1,American Staffordshire Terrier,"Grand Rapids, MI 49525"
1,American Staffordshire Terrier,"Holly, MI 48442"
1,American Staffordshire Terrier,"Howell, MI 48844"
1,American Staffordshire Terrier,"Lansing, MI 48917"
1,American Staffordshire Terrier,"Muskegon, MI 49442"
1,American Staffordshire Terrier,"Northville, MI 48167"
1,American Staffordshire Terrier,"P.O. Box 51935 , Livonia, MI 48151"
1,American Staffordshire Terrier,"P.O. Box 83 , Coldwater, MI 49036"
1,American Staffordshire Terrier,"Plymouth, MI 48170"
1,American Staffordshire Terrier,"Traverse City, MI 49696"
1,American Staffordshire Terrier,"West Bloomfield, MI 48325"
1,American Staffordshire Terrier,"fennville, MI 49408"
1,Anatolian Shepherd,"323 M-62 North PO Box 132, Cassopolis, MI 49031"
1,Anatolian Shepherd,"3390 S Dog Track Rd. , Baldwin, MI 49304"
1,Anatolian Shepherd,"Jackson, MI 49202"
1,Australian Cattle Dog / Blue Heeler,"1105 S. Isabella Road , Mount Pleasant, MI 48858"
1,Australian Cattle Dog / Blue Heeler,"21860 Van Horn , Woodhaven, MI 48183"
1,Australian Cattle Dog / Blue Heeler,"418 S. Highlander Way , Howell, MI 48843"
1,Australian Cattle Dog / Blue Heeler,"51299 Arkona Rd. , Belleville, MI 48111"
1,Australian Cattle Dog / Blue Heeler,"Detroit, MI 48232"
1,Australian Cattle Dog / Blue Heeler,"Linden, MI 48451"
1,Australian Cattle Dog / Blue Heeler,"Manistee, MI 49660"
1,Australian Cattle Dog / Blue Heeler,"Muskegon, MI 49442"
1,Australian Cattle Dog / Blue Heeler,"P.O. Box 190121 , Burton, MI 48519"
1,Australian Cattle Dog / Blue Heeler,"PETCO STORE   23 Mile Road & Gratiot , Macomb, MI 48042"
1,Australian Cattle Dog / Blue Heeler,"PO Box 180155 , Utica, MI 48318"
1,Australian Cattle Dog / Blue Heeler,"Saginaw, MI 48602"
1,Australian Cattle Dog / Blue Heeler,"fennville, MI 49408"
1,Australian Kelpie,"1200 N. Telegraph Building 42 East, Pontiac, MI 48341"
1,Australian Kelpie,"8935 Thompson Rd. , Lake Odessa, MI 48849"
1,Australian Kelpie,"White Lake, MI 48386"
1,Australian Shepherd,"25503 Clara Lane , Southfield, MI 48034"
1,Australian Shepherd,"2640 Marquette  Avenue , Muskegon, MI 49442"
1,Australian Shepherd,"740 Fuller Ave. NE , Grand Rapids, MI 49503"
1,Australian Shepherd,"Birmingham, MI 48012"
1,Australian Shepherd,"Coldwater, MI 49036"
1,Australian Shepherd,"Detroit, MI 48206"
1,Australian Shepherd,"Detroit, MI 48216"
1,Australian Shepherd,"Harrison, MI 48625"
1,Australian Shepherd,"Livonia, MI 48152"
1,Australian Shepherd,"Midland, MI 48642"
1,Australian Shepherd,"PO Box 180155 , Utica, MI 48318"
1,Australian Shepherd,"Warren, MI 48089"
1,Basset Hound,"969 Wildwood Rd , Quincy, MI 49082"
1,Basset Hound,"Detroit, MI 48216"
1,Basset Hound,"Muskegon, MI 49442"
1,Basset Hound,"Plymouth, MI 48170"
1,Beagle,"13800 15 Mile Rd. , Sterling Heights, MI 48312"
1,Beagle,"1515 Carmen Drive , Jackson, MI 49202"
1,Beagle,"2120 Metamora Road , Oxford, MI 48371"
1,Beagle,"2293 33rd Street , Allegan, MI 49010"
1,Beagle,"3378 Griswold Road , Port Huron, MI 48060"
1,Beagle,"35 Campbell Rd. 65 N. Elk St., Sandusky, MI 48471"
1,Beagle,"740 Fuller Ave. NE , Grand Rapids, MI 49503"
1,Beagle,"Clinton, MI 49236"
1,Beagle,"Macomb, MI 48042"
1,Beagle,"Muskegon, MI 49442"
1,Beagle,"P.O. Box 83 , Coldwater, MI 49036"
1,Beagle,"PO Box 62 , Lake Orion, MI 48361"
1,Beagle,"Warren, MI 48089"
1,Belgian Shepherd / Malinois,"1367 S. M-33 , West Branch, MI 48661"
1,Belgian Shepherd / Malinois,"303 Valley Ave. , Alma, MI 48801"
1,Bernedoodle,"Grass Lake, MI 49240"
1,Bernese Mountain Dog,"Canton , MI 48187"
1,Bernese Mountain Dog,"Macomb, MI 48042"
1,Bichon Frise,"PO Box 251 , Paw Paw, MI 49079"
1,Black Labrador Retriever,"217 N. Fiske Road Mailing address only, Coldwater, MI 49036"
1,Black Labrador Retriever,"35 Campbell Rd. 65 N. Elk St., Sandusky, MI 48471"
1,Black Labrador Retriever,"8935 Thompson Rd. , Lake Odessa, MI 48849"
1,Black Labrador Retriever,"Birmingham, MI 48012"
1,Black Labrador Retriever,"Detroit, MI 48216"
1,Black Labrador Retriever,"Detroit, MI 48232"
1,Black Labrador Retriever,"Harrison, MI 48625"
1,Black Labrador Retriever,"P.O. Box 384 5786 Fairground Lane, Grayling, MI 49738"
1,Black Labrador Retriever,"PO Box 62 , Lake Orion, MI 48361"
1,Black Labrador Retriever,"fennville, MI 49408"
1,Black Labrador Retriever,"l536 Hackleburg Road , Cheboygan, MI 49721"
1,Black Mouth Cur,"1316 Lamont Ave , Kalamazoo, MI 49001"
1,Black Mouth Cur,"4660 M-88 Hwy PO Box 568, Bellaire, MI 49615"
1,Black Mouth Cur,"Charlotte, MI 48813"
1,Black Mouth Cur,"P.O. Box 190121 , Burton, MI 48519"
1,Black Mouth Cur,"P.O. Box 384 5786 Fairground Lane, Grayling, MI 49738"
1,Black Mouth Cur,"PO Box 606 , Garden City, MI 48136"
1,Black Mouth Cur,"White Lake, MI 48386"
1,Black and Tan Coonhound,"502 N. SAVIDGE , Reed City, MI 49677"
1,Black and Tan Coonhound,"PO Box 62 , Lake Orion, MI 48361"
1,Bloodhound,"Kentwood, MI 49508"
1,Bluetick Coonhound,"1110 Short Drive Prudenville, Prudenville, MI 48651"
1,Bluetick Coonhound,"1406 6th Ave , Cadillac, MI 49601"
1,Bluetick Coonhound,"5310 W. Houghton Lake Rd (M-55) P.O. Box D, Lake City, MI 49651"
1,Bluetick Coonhound,"Saginaw, MI 48602"
1,Border Collie,"1200 N. Telegraph Building 42 East, Pontiac, MI 48341"
1,Border Collie,"3100 Cherry Hill Road , Ann Arbor, MI 48105"
1,Border Collie,"3378 Griswold Road , Port Huron, MI 48060"
1,Border Collie,"600 Buhl St , Mason, MI 48854"
1,Border Collie,"Eastpointe, MI 48021"
1,Border Collie,"Kentwood, MI 49548"
1,Border Collie,"P.O. Box 384 5786 Fairground Lane, Grayling, MI 49738"
1,Border Collie,"PO Box 180155 , Utica, MI 48318"
1,Border Collie,"PO Box 62 , Lake Orion, MI 48361"
1,Border Collie,"Traverse City, MI 49696"
1,Boston Terrier,"P.O. Box 51935 , Livonia, MI 48151"
1,Boston Terrier,"Saginaw, MI 48603"
1,Boxer,"13888 Blair St , Holland, MI 49424"
1,Boxer,"14345 Bagley St , West Olive, MI 49460"
1,Boxer,"2120 Metamora Road , Oxford, MI 48371"
1,Boxer,"217 N. Fiske Road Mailing address only, Coldwater, MI 49036"
1,Boxer,"2185 W. Baseline Road , Shelby, MI 49455"
1,Boxer,"219 Peekstock Drive , Kalamazoo, MI 49001"
1,Boxer,"2260 S. Elkton Road , Elkton, MI 48731"
1,Boxer,"323 M-62 North PO Box 132, Cassopolis, MI 49031"
1,Boxer,"3390 S Dog Track Rd. , Baldwin, MI 49304"
1,Boxer,"35 Campbell Rd. 65 N. Elk St., Sandusky, MI 48471"
1,Boxer,"418 S. Highlander Way , Howell, MI 48843"
1,Boxer,"4371 E. Ashman , Midland, MI 48641"
1,Boxer,"4660 M-88 Hwy PO Box 568, Bellaire, MI 49615"
1,Boxer,"740 Fuller Ave. NE , Grand Rapids, MI 49503"
1,Boxer,"8935 Thompson Rd. , Lake Odessa, MI 48849"
1,Boxer,"Bay City, MI 48706"
1,Boxer,"Detroit, MI 48202"
1,Boxer,"Detroit, MI 48219"
1,Boxer,"G-4351 W Pasadena Avenue , Flint, MI 48504"
1,Boxer,"Grand Rapids, MI 49505"
1,Boxer,"Holly, MI 48442"
1,Boxer,"Kentwood, MI 49548"
1,Boxer,"Lansing, MI 48911"
1,Boxer,"Livonia, MI 48152"
1,Boxer,"Macomb, MI 48042"
1,Boxer,"Monroe, MI 48161"
1,Boxer,"Oxford, MI 48371"
1,Boxer,"PO Box 180155 , Utica, MI 48318"
1,Boxer,"Plymouth, MI 48170"
1,Boxer,"Reed City, MI 49677"
1,Boxer,"Saginaw, MI 48602"
1,Boxer,"Westland, MI 48185"
1,Bull Terrier,"1105 S. Isabella Road , Mount Pleasant, MI 48858"
1,Bull Terrier,"3100 Cherry Hill Road , Ann Arbor, MI 48105"
1,Bull Terrier,"Detroit, MI 48216"
1,Bull Terrier,"Detroit, MI 48221"
1,Bull Terrier,"Muskegon, MI 49442"
1,Bullmastiff,"Muskegon, MI 49442"
1,Cairn Terrier,"Detroit, MI 48202"
1,Cane Corso,"323 M-62 North PO Box 132, Cassopolis, MI 49031"
1,Cane Corso,"3279 E Laketon Ave , Muskegon, MI 49442"
1,Cane Corso,"8935 Thompson Rd. , Lake Odessa, MI 48849"
1,Cane Corso,"P.O. Box 51935 , Livonia, MI 48151"
1,Carolina Dog,"3881 S Tripp Rd , Osseo, MI 49266"
1,Carolina Dog,"Detroit, MI 48202"
1,Carolina Dog,"Muskegon, MI 49442"
1,Carolina Dog,"Traverse City, MI 49684"
1,Catahoula Leopard Dog,"12000 Durham St. , Washington, MI 48095"
1,Catahoula Leopard Dog,"2752 W. Bennington Road , Owosso, MI 48867"
1,Catahoula Leopard Dog,"3279 E Laketon Ave , Muskegon, MI 49442"
1,Catahoula Leopard Dog,"5310 W. Houghton Lake Rd (M-55) P.O. Box D, Lake City, MI 49651"
1,Catahoula Leopard Dog,"740 Fuller Ave. NE , Grand Rapids, MI 49503"
1,Catahoula Leopard Dog,"Warren, MI 48089"
1,Catahoula Leopard Dog,"White Lake, MI 48386"
1,Cattle Dog,"150 Waterstradt-Commerce Drive , Dundee, MI 48131"
1,Cattle Dog,"185 Panther Dr , Holland, MI 49424"
1,Cattle Dog,"25503 Clara Lane , Southfield, MI 48034"
1,Cattle Dog,"2640 Marquette  Avenue , Muskegon, MI 49442"
1,Cattle Dog,"3100 Cherry Hill Road , Ann Arbor, MI 48105"
1,Cattle Dog,"969 Wildwood Rd , Quincy, MI 49082"
1,Cattle Dog,"CLINTON TOWNSHIP, MI 48035"
1,Cattle Dog,"Ferndale, MI 48220"
1,Cattle Dog,"Livonia, MI 48152"
1,Cattle Dog,"Warren, MI 48089"
1,Caucasian Sheepdog / Caucasian Ovtcharka,"5205 Airline Rd , Muskegon, MI 49443"
1,Chihuahua,"13575 N. Fenton Rd , Fenton, MI 48430"
1,Chihuahua,"13800 15 Mile Rd. , Sterling Heights, MI 48312"
1,Chihuahua,"217 N. Fiske Road Mailing address only, Coldwater, MI 49036"
1,Chihuahua,"219 Peekstock Drive , Kalamazoo, MI 49001"
1,Chihuahua,"303 Valley Ave. , Alma, MI 48801"
1,Chihuahua,"5205 Airline Rd , Muskegon, MI 49443"
1,Chihuahua,"740 Fuller Ave. NE , Grand Rapids, MI 49503"
1,Chihuahua,"Coldwater, MI 49036"
1,Chihuahua,"East Lansing, MI 48823"
1,Chihuahua,"Ferndale, MI 48220"
1,Chihuahua,"Howell, MI 48844"
1,Chihuahua,"Kentwood, MI 49548"
1,Chihuahua,"Oxford, MI 48371"
1,Chihuahua,"PO Box 7056 , Huntington Woods, MI 48070"
1,Chihuahua,"Pontiac, MI 48341"
1,Chihuahua,"Warren, MI 48091"
1,Chihuahua,"White Lake, MI 48386"
1,Chihuahua,"fennville, MI 49408"
1,Chiweenie,"Coldwater, MI 49036"
1,Chocolate Labrador Retriever,"219 Peekstock Drive , Kalamazoo, MI 49001"
1,Chocolate Labrador Retriever,"502 N. SAVIDGE , Reed City, MI 49677"
1,Chocolate Labrador Retriever,"Manistee, MI 49660"
1,Chocolate Labrador Retriever,"l536 Hackleburg Road , Cheboygan, MI 49721"
1,Chow Chow,"07591 Blue Star Hwy , South Haven, MI 49090"
1,Chow Chow,"Detroit, MI 48202"
1,Chow Chow,"Saginaw, MI 48602"
1,Cockapoo,"South Lyon, MI 48178"
1,Cocker Spaniel,"Plymouth, MI 48170"
1,Cocker Spaniel,"South Lyon, MI 48178"
1,Collie,"Detroit, MI 48219"
1,Coonhound,"18400 220th Avenue , Big Rapids, MI 49307"
1,Coonhound,"2752 W. Bennington Road , Owosso, MI 48867"
1,Coonhound,"303 Valley Ave. , Alma, MI 48801"
1,Coonhound,"3279 E Laketon Ave , Muskegon, MI 49442"
1,Coonhound,"3378 Griswold Road , Port Huron, MI 48060"
1,Coonhound,"8935 Thompson Rd. , Lake Odessa, MI 48849"
1,Coonhound,"Ann Arbor, MI 48105"
1,Coonhound,"Livonia, MI 48152"
1,Coonhound,"PO Box 180155 , Utica, MI 48318"
1,Coonhound,"Plymouth, MI 48170"
1,Coonhound,"l536 Hackleburg Road , Cheboygan, MI 49721"
1,Corgi,"3378 Griswold Road , Port Huron, MI 48060"
1,Corgi,"Muskegon, MI 49442"
1,Corgi,"PO Box 62 , Lake Orion, MI 48361"
1,Coton de Tulear,"fennville, MI 49408"
1,Dachshund,"8935 Thompson Rd. , Lake Odessa, MI 48849"
1,Dachshund,"Gladwin, MI 48624"
1,Dachshund,"Livonia, MI 48152"
1,Dachshund,"Mancelona, MI 49659"
1,Dachshund,"Oxford, MI 48371"
1,Doberman Pinscher,"13569 Joseph Campau , Detroit, MI 48212"
1,Doberman Pinscher,"600 Buhl St , Mason, MI 48854"
1,Doberman Pinscher,"Birmingham, MI 48012"
1,Doberman Pinscher,"Portland, MI 48875"
1,Dogo Argentino,"Fennville, MI 49408"
1,Dogo Argentino,"Oak Park, MI 48237"
1,Dogue de Bordeaux,"Grand Rapids, MI 49505"
1,Dutch Shepherd,"Livonia, MI 48152"
1,Dutch Shepherd,"Muskegon, MI 49442"
1,English Bulldog,"2120 Metamora Road , Oxford, MI 48371"
1,English Bulldog,"2266 N Lapeer Road , Lapeer, MI 48446"
1,English Bulldog,"2293 33rd Street , Allegan, MI 49010"
1,English Bulldog,"2752 W. Bennington Road , Owosso, MI 48867"
1,English Bulldog,"3279 E Laketon Ave , Muskegon, MI 49442"
1,English Bulldog,"Clinton Township, MI 48036"
1,English Pointer,"Detroit, MI 48219"
1,English Setter,"Mancelona, MI 49659"
1,English Setter,"Temperance, MI 48182"
1,English Shepherd,"Belleville, MI 48111"
1,English Springer Spaniel,"Warren, MI 48089"
1,Feist,"219 Peekstock Drive , Kalamazoo, MI 49001"
1,Feist,"3881 S Tripp Rd , Osseo, MI 49266"
1,Feist,"Harrison, MI 48625"
1,Feist,"Livonia, MI 48152"
1,Feist,"Pigeon, MI 48755"
1,Flat-Coated Retriever,"3100 Cherry Hill Road , Ann Arbor, MI 48105"
1,Flat-Coated Retriever,"Oxford, MI 48371"
1,Fox Terrier,"Muskegon, MI 49442"
1,Foxhound,"Clinton, MI 49236"
1,Foxhound,"Muskegon, MI 49442"
1,Foxhound,"Saginaw, MI 48602"
1,French Bulldog,"25799 Third St. , Grosse Ile, MI 48138"
1,French Bulldog,"Holly, MI 48442"
1,German Pinscher,"Grand Rapids, MI 49548"
1,German Shepherd Dog,"1316 Lamont Ave , Kalamazoo, MI 49001"
1,German Shepherd Dog,"1367 S. M-33 , West Branch, MI 48661"
1,German Shepherd Dog,"21417 Dunham Road , Clinton Township, MI 48036"
1,German Shepherd Dog,"2260 S. Elkton Road , Elkton, MI 48731"
1,German Shepherd Dog,"502 N. SAVIDGE , Reed City, MI 49677"
1,German Shepherd Dog,"5205 Airline Rd , Muskegon, MI 49443"
1,German Shepherd Dog,"Clinton Township, MI 48036"
1,German Shepherd Dog,"Coldwater, MI 49036"
1,German Shepherd Dog,"Eastpointe, MI 48021"
1,German Shepherd Dog,"Imlay City, MI 48444"
1,German Shepherd Dog,"Lansing, MI 48911"
1,German Shepherd Dog,"Livonia, MI 48152"
1,German Shepherd Dog,"Mancelona, MI 49659"
1,German Shepherd Dog,"Milan, MI 48160"
1,German Shepherd Dog,"Ortonville, MI 48462"
1,German Shepherd Dog,"Saginaw, MI 48603"
1,German Shepherd Dog,"Wyandotte, MI 48192"
1,German Shepherd Dog,"fennville, MI 49408"
1,German Shorthaired Pointer,"Grand Rapids, MI 49505"
1,German Wirehaired Pointer,"35 Campbell Rd. 65 N. Elk St., Sandusky, MI 48471"
1,Golden Retriever,"18400 220th Avenue , Big Rapids, MI 49307"
1,Golden Retriever,"2120 Metamora Road , Oxford, MI 48371"
1,Golden Retriever,"305 N.Meyers Road , Ludington, MI 49431"
1,Golden Retriever,"Livonia, MI 48152"
1,Goldendoodle,"Oakland, MI 48363"
1,Great Dane,"1105 S. Isabella Road , Mount Pleasant, MI 48858"
1,Great Dane,"1316 Lamont Ave , Kalamazoo, MI 49001"
1,Great Dane,"13575 N. Fenton Rd , Fenton, MI 48430"
1,Great Dane,"2120 Metamora Road , Oxford, MI 48371"
1,Great Dane,"Birmingham, MI 48012"
1,Great Dane,"Detroit, MI 48234"
1,Great Dane,"P.O. Box 83 , Coldwater, MI 49036"
1,Great Pyrenees,"2293 33rd Street , Allegan, MI 49010"
1,Great Pyrenees,"8935 Thompson Rd. , Lake Odessa, MI 48849"
1,Great Pyrenees,"Birmingham, MI 48012"
1,Great Pyrenees,"Coldwater, MI 49036"
1,Great Pyrenees,"Ferndale, MI 48220"
1,Great Pyrenees,"Grand Rapids, MI 49505"
1,Great Pyrenees,"Saugatuck, MI 49453"
1,Great Pyrenees,"Warren, MI 48089"
1,Great Pyrenees,"fennville, MI 49408"
1,Harrier,"303 Valley Ave. , Alma, MI 48801"
1,Hound,"1316 Lamont Ave , Kalamazoo, MI 49001"
1,Hound,"13800 15 Mile Rd. , Sterling Heights, MI 48312"
1,Hound,"1515 Carmen Drive , Jackson, MI 49202"
1,Hound,"35 Campbell Rd. 65 N. Elk St., Sandusky, MI 48471"
1,Hound,"51299 Arkona Rd. , Belleville, MI 48111"
1,Hound,"614 Beardsley St. , Boyne City, MI 49712"
1,Hound,"740 Fuller Ave. NE , Grand Rapids, MI 49503"
1,Hound,"8935 Thompson Rd. , Lake Odessa, MI 48849"
1,Hound,"Detroit, MI 48202"
1,Hound,"East Lansing, MI 48823"
1,Hound,"G-4351 W Pasadena Avenue , Flint, MI 48504"
1,Hound,"Livonia, MI 48152"
1,Hound,"Macomb, MI 48042"
1,Hound,"P.O. Box 384 5786 Fairground Lane, Grayling, MI 49738"
1,Hound,"P.O. Box 51935 , Livonia, MI 48151"
1,Hound,"Pontiac, MI 48341"
1,Hound,"Traverse City, MI 49696"
1,Hound,"l536 Hackleburg Road , Cheboygan, MI 49721"
1,Husky,"07591 Blue Star Hwy , South Haven, MI 49090"
1,Husky,"1110 Short Drive Prudenville, Prudenville, MI 48651"
1,Husky,"1515 Carmen Drive , Jackson, MI 49202"
1,Husky,"185 Panther Dr , Holland, MI 49424"
1,Husky,"2185 W. Baseline Road , Shelby, MI 49455"
1,Husky,"2260 S. Elkton Road , Elkton, MI 48731"
1,Husky,"3390 S Dog Track Rd. , Baldwin, MI 49304"
1,Husky,"3750 Foco Rd PO Box 1131, Standish, MI 48658"
1,Husky,"418 S. Highlander Way , Howell, MI 48843"
1,Husky,"8935 Thompson Rd. , Lake Odessa, MI 48849"
1,Husky,"Ferndale, MI 48220"
1,Husky,"Lincoln Park, MI 48146"
1,Husky,"Macomb, MI 48042"
1,Husky,"Marine City, MI 48039"
1,Husky,"Metamora, MI 48455"
1,Husky,"Saginaw, MI 48603"
1,Husky,"Westland, MI 48185"
1,Husky,"fennville, MI 49408"
1,Irish Wolfhound,"614 Beardsley St. , Boyne City, MI 49712"
1,Italian Greyhound,"Harrison, MI 48625"
1,Jack Russell Terrier,"219 Peekstock Drive , Kalamazoo, MI 49001"
1,Jack Russell Terrier,"Chesterfield, MI 48047"
1,Jack Russell Terrier,"Jackson, MI 49201"
1,Jack Russell Terrier,"Kimball, MI 48074"
1,Jack Russell Terrier,"P.O. Box 384 5786 Fairground Lane, Grayling, MI 49738"
1,Jack Russell Terrier,"P.O. Box 51935 , Livonia, MI 48151"
1,Jack Russell Terrier,"P.O. Box 83 , Coldwater, MI 49036"
1,Jack Russell Terrier,"PO Box 606 , Garden City, MI 48136"
1,Jack Russell Terrier,"South Lyon, MI 48178"
1,Labrador Retriever,"1316 Lamont Ave , Kalamazoo, MI 49001"
1,Labrador Retriever,"1515 Carmen Drive , Jackson, MI 49202"
1,Labrador Retriever,"185 Panther Dr , Holland, MI 49424"
1,Labrador Retriever,"2120 Metamora Road , Oxford, MI 48371"
1,Labrador Retriever,"2185 W. Baseline Road , Shelby, MI 49455"
1,Labrador Retriever,"25503 Clara Lane , Southfield, MI 48034"
1,Labrador Retriever,"2738 W. Caro Road , Caro, MI 48723"
1,Labrador Retriever,"27796 John R , Madison Heights, MI 48071"
1,Labrador Retriever,"305 N.Meyers Road , Ludington, MI 49431"
1,Labrador Retriever,"3100 Cherry Hill Road , Ann Arbor, MI 48105"
1,Labrador Retriever,"323 M-62 North PO Box 132, Cassopolis, MI 49031"
1,Labrador Retriever,"3365 Freeland Road , Saginaw, MI 48604"
1,Labrador Retriever,"3750 Foco Rd PO Box 1131, Standish, MI 48658"
1,Labrador Retriever,"3853 Sparrow Drive , Ionia, MI 48846"
1,Labrador Retriever,"4371 E. Ashman , Midland, MI 48641"
1,Labrador Retriever,"5310 W. Houghton Lake Rd (M-55) P.O. Box D, Lake City, MI 49651"
1,Labrador Retriever,"614 Beardsley St. , Boyne City, MI 49712"
1,Labrador Retriever,"6266 Lapeer Road , Clyde, MI 48049"
1,Labrador Retriever,"Bay City, MI 48706"
1,Labrador Retriever,"Cedar Springs, MI 49319"
1,Labrador Retriever,"G-4351 W Pasadena Avenue , Flint, MI 48504"
1,Labrador Retriever,"Grand Rapids, MI 49507"
1,Labrador Retriever,"Kimball, MI 48074"
1,Labrador Retriever,"Lincoln Park, MI 48146"
1,Labrador Retriever,"Oakland, MI 48363"
1,Labrador Retriever,"Oxford, MI 48371"
1,Labrador Retriever,"P.O. Box 190121 , Burton, MI 48519"
1,Labrador Retriever,"P.O. Box 384 5786 Fairground Lane, Grayling, MI 49738"
1,Labrador Retriever,"P.O. Box 51935 , Livonia, MI 48151"
1,Labrador Retriever,"PO Box 264 , Linwood, MI 48634"
1,Labrador Retriever,"PO Box 285 , Frankenmuth, MI 48734"
1,Labrador Retriever,"PO Box 475 7645 West 48th Street, Fremont, MI 49412"
1,Labrador Retriever,"Pontiac, MI 48341"
1,Labrador Retriever,"Reed City, MI 49677"
1,Labrador Retriever,"Saginaw, MI 48603"
1,Labrador Retriever,"Traverse City, MI 49696"
1,Labrador Retriever,"Troy, MI 48099"
1,Labrador Retriever,"Ypsilanti, MI 48197"
1,Labrador Retriever,"fennville, MI 49408"
1,Labrador Retriever,"l536 Hackleburg Road , Cheboygan, MI 49721"
1,Manchester Terrier,"Muskegon, MI 49442"
1,Mastiff,"1200 N. Telegraph Building 42 East, Pontiac, MI 48341"
1,Mastiff,"1300 West Conway Road , Harbor Springs, MI 49740"
1,Mastiff,"2293 33rd Street , Allegan, MI 49010"
1,Mastiff,"305 N.Meyers Road , Ludington, MI 49431"
1,Mastiff,"3279 E Laketon Ave , Muskegon, MI 49442"
1,Mastiff,"502 N. SAVIDGE , Reed City, MI 49677"
1,Mastiff,"Detroit, MI 48202"
1,Mastiff,"Flint, MI 48503"
1,Mastiff,"Livonia, MI 48152"
1,Mastiff,"Macomb, MI 48042"
1,Mastiff,"Troy, MI 48099"
1,Miniature Pinscher,"3378 Griswold Road , Port Huron, MI 48060"
1,Miniature Pinscher,"CLINTON TOWNSHIP, MI 48035"
1,Miniature Pinscher,"Livonia, MI 48152"
1,Miniature Pinscher,"P.O. Box 83 , Coldwater, MI 49036"
1,Miniature Pinscher,"PO Box 475 7645 West 48th Street, Fremont, MI 49412"
1,Miniature Pinscher,"Warren, MI 48089"
1,Miniature Pinscher,"Warren, MI 48091"
1,Mixed Breed,"11350 22 Mile Road , Utica, MI 48317"
1,Mixed Breed,"13575 N. Fenton Rd , Fenton, MI 48430"
1,Mixed Breed,"1515 Carmen Drive , Jackson, MI 49202"
1,Mixed Breed,"16083 E 9 Mile Rd , Eastpointe, MI 48021"
1,Mixed Breed,"185 Panther Dr , Holland, MI 49424"
1,Mixed Breed,"2640 Marquette  Avenue , Muskegon, MI 49442"
1,Mixed Breed,"27796 John R , Madison Heights, MI 48071"
1,Mixed Breed,"7401 Chrysler Dr. , Detroit, MI 48211"
1,Mixed Breed,"969 Wildwood Rd , Quincy, MI 49082"
1,Mixed Breed,"Bloomfield Township, MI 48302"
1,Mixed Breed,"Detroit, MI 48232"
1,Mixed Breed,"Oak Park, MI 48237"
1,Mixed Breed,"P.O. Box 27 (mailing address) 3847 Sheldon, Carsonville, MI 48419"
1,Mixed Breed,"PO Box 180155 , Utica, MI 48318"
1,Mixed Breed,"PO Box 32 , Howell, MI 48844"
1,Mixed Breed,"Saginaw, MI 48603"
1,Mixed Breed,"Warren, MI 48091"
1,Mixed Breed,"West Bloomfield, MI 48325"
1,Mixed Breed,"fennville, MI 49408"
1,Mountain Cur,"1200 N. Telegraph Building 42 East, Pontiac, MI 48341"
1,Mountain Cur,"8935 Thompson Rd. , Lake Odessa, MI 48849"
1,Mountain Cur,"Kentwood, MI 49548"
1,Norwegian Elkhound,"6266 Lapeer Road , Clyde, MI 48049"
1,Norwegian Elkhound,"Detroit, MI 48202"
1,Papillon,"Grosse Pointe Park, MI 48230"
1,Pharaoh Hound,"1200 N. Telegraph Building 42 East, Pontiac, MI 48341"
1,Pharaoh Hound,"13800 15 Mile Rd. , Sterling Heights, MI 48312"
1,Pharaoh Hound,"5310 W. Houghton Lake Rd (M-55) P.O. Box D, Lake City, MI 49651"
1,Pit Bull Terrier,"1110 Short Drive Prudenville, Prudenville, MI 48651"
1,Pit Bull Terrier,"12000 Durham St. , Washington, MI 48095"
1,Pit Bull Terrier,"13575 N. Fenton Rd , Fenton, MI 48430"
1,Pit Bull Terrier,"1406 6th Ave , Cadillac, MI 49601"
1,Pit Bull Terrier,"150 Waterstradt-Commerce Drive , Dundee, MI 48131"
1,Pit Bull Terrier,"1515 Carmen Drive , Jackson, MI 49202"
1,Pit Bull Terrier,"185 Panther Dr , Holland, MI 49424"
1,Pit Bull Terrier,"21860 Van Horn , Woodhaven, MI 48183"
1,Pit Bull Terrier,"23451 Pinewood Street , Warren, MI 48091"
1,Pit Bull Terrier,"2640 Marquette  Avenue , Muskegon, MI 49442"
1,Pit Bull Terrier,"2675 W. Washington Road , Ithaca, MI 48847"
1,Pit Bull Terrier,"27942 Woodward Ave , Royal Oak, MI 48073"
1,Pit Bull Terrier,"303 Valley Ave. , Alma, MI 48801"
1,Pit Bull Terrier,"3881 S Tripp Rd , Osseo, MI 49266"
1,Pit Bull Terrier,"457 W. Traverse Bay Rd. , Lincoln, MI 48742"
1,Pit Bull Terrier,"5205 Airline Rd , Muskegon, MI 49443"
1,Pit Bull Terrier,"Bay City, MI 48706"
1,Pit Bull Terrier,"Belleville, MI 48111"
1,Pit Bull Terrier,"Birmingham, MI 48012"
1,Pit Bull Terrier,"Cedar Springs, MI 49319"
1,Pit Bull Terrier,"Charlotte, MI 48813"
1,Pit Bull Terrier,"Deerfield, MI 49238"
1,Pit Bull Terrier,"East Lansing, MI 48823"
1,Pit Bull Terrier,"Flint, MI 48503"
1,Pit Bull Terrier,"G-4351 W Pasadena Avenue , Flint, MI 48504"
1,Pit Bull Terrier,"Grand Rapids, MI 49507"
1,Pit Bull Terrier,"Grand Rapids, MI 49548"
1,Pit Bull Terrier,"Harrison, MI 48625"
1,Pit Bull Terrier,"Holly, MI 48442"
1,Pit Bull Terrier,"Lincoln Park, MI 48146"
1,Pit Bull Terrier,"Ludington, MI 49431"
1,Pit Bull Terrier,"Mancelona, MI 49659"
1,Pit Bull Terrier,"Northville, MI 48167"
1,Pit Bull Terrier,"PO Box 264 , Linwood, MI 48634"
1,Pit Bull Terrier,"Reed City, MI 49677"
1,Pit Bull Terrier,"Rochester Hills, MI 48309"
1,Pit Bull Terrier,"Traverse City, MI 49696"
1,Pit Bull Terrier,"Troy, MI 48083"
1,Pit Bull Terrier,"Troy, MI 48099"
1,Plott Hound,"2185 W. Baseline Road , Shelby, MI 49455"
1,Plott Hound,"Coldwater, MI 49036"
1,Plott Hound,"fennville, MI 49408"
1,Pointer,"5205 Airline Rd , Muskegon, MI 49443"
1,Pointer,"614 Beardsley St. , Boyne City, MI 49712"
1,Pointer,"G-4351 W Pasadena Avenue , Flint, MI 48504"
1,Pointer,"Warren, MI 48089"
1,Pomeranian,"185 Panther Dr , Holland, MI 49424"
1,Pomeranian,"7887 Chrysler Drive , Detroit, MI 48211"
1,Pomeranian,"Livonia, MI 48152"
1,Pomsky,"Kimball, MI 48074"
1,Poodle,"217 N. Fiske Road Mailing address only, Coldwater, MI 49036"
1,Poodle,"Detroit, MI 48202"
1,Poodle,"Detroit, MI 48216"
1,Poodle,"Detroit, MI 48219"
1,Poodle,"Kimball, MI 48074"
1,Presa Canario,"27796 John R , Madison Heights, MI 48071"
1,Pug,"253 James Ave SE , Grand Rapids, MI 49503"
1,Pug,"3378 Griswold Road , Port Huron, MI 48060"
1,Pug,"PO Box 62 , Lake Orion, MI 48361"
1,Pug,"Warren, MI 48089"
1,Pug,"White Lake, MI 48386"
1,Puggle,"2293 33rd Street , Allegan, MI 49010"
1,Rat Terrier,"2260 S. Elkton Road , Elkton, MI 48731"
1,Rat Terrier,"Howell, MI 48844"
1,Rat Terrier,"Muskegon, MI 49442"
1,Rat Terrier,"Warren, MI 48089"
1,Redbone Coonhound,"Saginaw, MI 48602"
1,Retriever,"219 Peekstock Drive , Kalamazoo, MI 49001"
1,Retriever,"3100 Cherry Hill Road , Ann Arbor, MI 48105"
1,Retriever,"614 Beardsley St. , Boyne City, MI 49712"
1,Retriever,"Detroit, MI 48216"
1,Retriever,"Detroit, MI 48219"
1,Retriever,"Oak Park, MI 48237"
1,Retriever,"PO Box 62 , Lake Orion, MI 48361"
1,Retriever,"PO Box 7056 , Huntington Woods, MI 48070"
1,Rottweiler,"25503 Clara Lane , Southfield, MI 48034"
1,Rottweiler,"3279 E Laketon Ave , Muskegon, MI 49442"
1,Rottweiler,"3390 S Dog Track Rd. , Baldwin, MI 49304"
1,Rottweiler,"3750 Foco Rd PO Box 1131, Standish, MI 48658"
1,Rottweiler,"5205 Airline Rd , Muskegon, MI 49443"
1,Rottweiler,"Detroit, MI 48202"
1,Rottweiler,"Detroit, MI 48216"
1,Rottweiler,"Warren, MI 48089"
1,Saint Bernard,"502 N. SAVIDGE , Reed City, MI 49677"
1,Schnauzer,"Plymouth, MI 48170"
1,Shar-Pei,"1200 N. Telegraph Building 42 East, Pontiac, MI 48341"
1,Shar-Pei,"13888 Blair St , Holland, MI 49424"
1,Shar-Pei,"2293 33rd Street , Allegan, MI 49010"
1,Shar-Pei,"Detroit, MI 48219"
1,Shar-Pei,"G-4351 W Pasadena Avenue , Flint, MI 48504"
1,Shar-Pei,"Harrison, MI 48625"
1,Shar-Pei,"Kentwood, MI 49548"
1,Shar-Pei,"PO Box 3295 2938 Business One Drive, Kalamazoo, MI 49003"
1,Shar-Pei,"Ray, MI 48096"
1,Shar-Pei,"Warren, MI 48089"
1,Shepherd,"1105 S. Isabella Road , Mount Pleasant, MI 48858"
1,Shepherd,"1300 West Conway Road , Harbor Springs, MI 49740"
1,Shepherd,"2120 Metamora Road , Oxford, MI 48371"
1,Shepherd,"219 Peekstock Drive , Kalamazoo, MI 49001"
1,Shepherd,"2266 N Lapeer Road , Lapeer, MI 48446"
1,Shepherd,"25503 Clara Lane , Southfield, MI 48034"
1,Shepherd,"27796 John R , Madison Heights, MI 48071"
1,Shepherd,"3100 Cherry Hill Road , Ann Arbor, MI 48105"
1,Shepherd,"3365 Freeland Road , Saginaw, MI 48604"
1,Shepherd,"3750 Foco Rd PO Box 1131, Standish, MI 48658"
1,Shepherd,"4371 E. Ashman , Midland, MI 48641"
1,Shepherd,"5310 W. Houghton Lake Rd (M-55) P.O. Box D, Lake City, MI 49651"
1,Shepherd,"Ann Arbor, MI 48105"
1,Shepherd,"CLINTON TOWNSHIP, MI 48035"
1,Shepherd,"Detroit, MI 48216"
1,Shepherd,"Ferndale, MI 48220"
1,Shepherd,"Harrison, MI 48625"
1,Shepherd,"Imlay City, MI 48444"
1,Shepherd,"P.O. Box 384 5786 Fairground Lane, Grayling, MI 49738"
1,Shepherd,"PO Box 606 , Garden City, MI 48136"
1,Shepherd,"PO Box 62 , Lake Orion, MI 48361"
1,Shepherd,"PO Box 7056 , Huntington Woods, MI 48070"
1,Shepherd,"Pigeon, MI 48755"
1,Shepherd,"Rochester Hills, MI 48309"
1,Shepherd,"Troy, MI 48083"
1,Shepherd,"Wyandotte, MI 48192"
1,Shepherd,"fennville, MI 49408"
1,Shiba Inu,"1316 Lamont Ave , Kalamazoo, MI 49001"
1,Shiba Inu,"5205 Airline Rd , Muskegon, MI 49443"
1,Shiba Inu,"Livonia, MI 48152"
1,Shih Tzu,"Detroit, MI 48202"
1,Shih Tzu,"Fowlerville, MI 48836"
1,Shih Tzu,"Grand Rapids, MI 49505"
1,Shih Tzu,"Livonia, MI 48150"
1,Shih Tzu,"Oxford, MI 48371"
1,Shih Tzu,"PO BOX 1 , Trufant, MI 49347"
1,Shih Tzu,"PO Box 180155 , Utica, MI 48318"
1,Shih Tzu,"PO Box 3295 2938 Business One Drive, Kalamazoo, MI 49003"
1,Shih Tzu,"Plymouth, MI 48170"
1,Siberian Husky,"1 , Ann Arbor, MI 48103"
1,Siberian Husky,"1 , Lincoln Park, MI 48146"
1,Siberian Husky,"1200 N. Telegraph Building 42 East, Pontiac, MI 48341"
1,Siberian Husky,"1515 Carmen Drive , Jackson, MI 49202"
1,Siberian Husky,"219 Peekstock Drive , Kalamazoo, MI 49001"
1,Siberian Husky,"2738 W. Caro Road , Caro, MI 48723"
1,Siberian Husky,"Beulah, MI 49617"
1,Siberian Husky,"Detroit, MI 48216"
1,Siberian Husky,"Ferndale, MI 48220"
1,Siberian Husky,"Gaylord, MI 49735"
1,Siberian Husky,"Grayling, MI 49738"
1,Siberian Husky,"Kalamazoo, MI 49001"
1,Siberian Husky,"Mason, MI 48854"
1,Siberian Husky,"Saginaw, MI 48602"
1,Siberian Husky,"Westland, MI 48186"
1,Siberian Husky,"White Lake, MI 48383"
1,Silky Terrier,"Livonia, MI 48152"
1,Spaniel,"2752 W. Bennington Road , Owosso, MI 48867"
1,Spaniel,"8935 Thompson Rd. , Lake Odessa, MI 48849"
1,Spaniel,"Grosse Pointe Park, MI 48230"
1,Staffordshire Bull Terrier,"13800 15 Mile Rd. , Sterling Heights, MI 48312"
1,Staffordshire Bull Terrier,"2120 Metamora Road , Oxford, MI 48371"
1,Staffordshire Bull Terrier,"2266 N Lapeer Road , Lapeer, MI 48446"
1,Staffordshire Bull Terrier,"25503 Clara Lane , Southfield, MI 48034"
1,Staffordshire Bull Terrier,"25799 Third St. , Grosse Ile, MI 48138"
1,Staffordshire Bull Terrier,"4660 M-88 Hwy PO Box 568, Bellaire, MI 49615"
1,Staffordshire Bull Terrier,"Charlotte, MI 48813"
1,Staffordshire Bull Terrier,"Detroit, MI 48221"
1,Staffordshire Bull Terrier,"Holly, MI 48442"
1,Staffordshire Bull Terrier,"Jackson, MI 49202"
1,Staffordshire Bull Terrier,"Kentwood, MI 49548"
1,Staffordshire Bull Terrier,"Livonia, MI 48152"
1,Staffordshire Bull Terrier,"Oak Park, MI 48237"
1,Staffordshire Bull Terrier,"P.O. Box 190121 , Burton, MI 48519"
1,Staffordshire Bull Terrier,"P.O. Box 384 5786 Fairground Lane, Grayling, MI 49738"
1,Staffordshire Bull Terrier,"P.O. Box 51935 , Livonia, MI 48151"
1,Staffordshire Bull Terrier,"PO Box 285 , Frankenmuth, MI 48734"
1,Staffordshire Bull Terrier,"PO Box 62 , Lake Orion, MI 48361"
1,Staffordshire Bull Terrier,"Traverse City, MI 49696"
1,Terrier,"13800 15 Mile Rd. , Sterling Heights, MI 48312"
1,Terrier,"217 N. Fiske Road Mailing address only, Coldwater, MI 49036"
1,Terrier,"23451 Pinewood Street , Warren, MI 48091"
1,Terrier,"25503 Clara Lane , Southfield, MI 48034"
1,Terrier,"25799 Third St. , Grosse Ile, MI 48138"
1,Terrier,"2640 Marquette  Avenue , Muskegon, MI 49442"
1,Terrier,"3365 Freeland Road , Saginaw, MI 48604"
1,Terrier,"5205 Airline Rd , Muskegon, MI 49443"
1,Terrier,"7887 Chrysler Drive , Detroit, MI 48211"
1,Terrier,"Coldwater, MI 49036"
1,Terrier,"Grand Rapids, MI 49505"
1,Terrier,"P.O. Box 51935 , Livonia, MI 48151"
1,Terrier,"PO Box 251 , Paw Paw, MI 49079"
1,Terrier,"PO Box 673 , Richland, MI 49083"
1,Terrier,"St Johns, MI 48879"
1,Terrier,"White Lake, MI 48386"
1,Treeing Walker Coonhound,"1367 S. M-33 , West Branch, MI 48661"
1,Treeing Walker Coonhound,"969 Wildwood Rd , Quincy, MI 49082"
1,Treeing Walker Coonhound,"Kentwood, MI 49548"
1,Treeing Walker Coonhound,"Muskegon, MI 49442"
1,Treeing Walker Coonhound,"Saginaw, MI 48602"
1,Vizsla,"1170 GROVE STREET , Wyandotte, MI 48192"
1,Vizsla,"fennville, MI 49408"
1,West Highland White Terrier / Westie,"217 N. Fiske Road Mailing address only, Coldwater, MI 49036"
1,Wheaten Terrier,"Linden, MI 48451"
1,Whippet,"1515 Carmen Drive , Jackson, MI 49202"
1,Whippet,"3279 E Laketon Ave , Muskegon, MI 49442"
1,Whippet,"Birmingham, MI 48012"
1,Whippet,"White Lake, MI 48386"
1,White German Shepherd,"305 N.Meyers Road , Ludington, MI 49431"
1,White German Shepherd,"Ferndale, MI 48220"
1,Yellow Labrador Retriever,"2293 33rd Street , Allegan, MI 49010"
1,Yellow Labrador Retriever,"CLINTON TOWNSHIP, MI 48035"
1,Yellow Labrador Retriever,"Coldwater, MI 49036"
1,Yellow Labrador Retriever,"Detroit, MI 48219"
1,Yellow Labrador Retriever,"Ferndale, MI 48220"
1,Yellow Labrador Retriever,"Oxford, MI 48371"
1,Yellow Labrador Retriever,"fennville, MI 49408"
1,Yorkshire Terrier,"Ferndale, MI 48220"
1,Yorkshire Terrier,"P.O. Box 29 , Armada, MI 48005"
1,Yorkshire Terrier,"PO BOX 1 , Trufant, MI 49347"
